{
  "discounts": [
    0,
    0.08,
    0.15,
    0.19,
    0.22,
    0.24,
    0.25,
    0.26,
    0.27,
    0.28,
    0.29,
    0.3,
    0.3
  ],
  "vipDiscounts": [
    [
      0.27586,
      0.37931,
      0.37931,
      0.37931,
      0.3931,
      0.4023,
      0.40887,
      0.041379,
      0.41762,
      0.42069,
      0.4232,
      0.42816,
      0.43236
    ],
    [
      0.24138,
      0.34483,
      0.34483,
      0.34483,
      0.35862,
      0.36782,
      0.37438,
      0.37931,
      0.38314,
      0.38621,
      0.38871,
      0.39368,
      0.39788
    ],
    [
      0.17241,
      0.25862,
      0.28736,
      0.30172,
      0.31724,
      0.32759,
      0.33498,
      0.34052,
      0.34483,
      0.35172,
      0.35737,
      0.36207,
      0.36605
    ]
  ],
  "basePrices": {
    "undershirts": 2900,
    "underwear": 2100,
    "performance-socks": 900,
    "athletic-socks": 800,
    "dress-socks": 500,
    "no-show-socks": 600,
    "deep-v": 1900,
    "camisole": 1000,
    "tank-top": 1000,
    "everyday-tee": 1500,
    "everyday-tee-crew": 2900,
    "longjohns": 3500,
    "covid-mask": 1200,
    "lounge-shirt": 2900,
    "everyday-socks": 900,
    "performance-socks-closeout": 500,
    "everyday-socks-closeout": 500
  },
  "bySku": {
    "Black-Cont-Bag-30L-msrp": 8900,
    "Black-Cont-SLV-13-msrp": 10900,
    "Black-Cont-SLV-15-msrp": 10900,
    "Black-WK-BAG-msrp": 7900,
    "Black-WK-BAG-13-msrp": 9900,
    "Black-WK-BAG-15-msrp": 9900,
    "Black-Cont-WK-Combo-msrp": 15900,
    "Black-Cont-WK-Combo-13-msrp": 18800,
    "Black-Cont-WK-Combo-15-msrp": 18800,
    "Black-Cont-Bag-30L": 7900,
    "Black-Cont-SLV-13": 8900,
    "Black-Cont-SLV-15": 8900,
    "Black-WK-BAG": 5900,
    "Black-WK-BAG-13": 6900,
    "Black-WK-BAG-15": 6900
  }
}
